Name,Family,Region,vCPUs,MemoryGB,Tier
Standard_B1ls,standardBSFamily,eastus,1,0.5,Standard
Basic_A0,basicAFamily,eastus,1,0.75,Basic
Standard_A0,standardA0_A7Family,eastus,1,0.75,Standard
Standard_B1s,standardBSFamily,eastus,1,1,Standard
Basic_A1,basicAFamily,eastus,1,1.75,Basic
Standard_A1,standardA0_A7Family,eastus,1,1.75,Standard
Standard_A1_v2,standardAv2Family,eastus,1,2,Standard
Standard_B1ms,standardBSFamily,eastus,1,2,Standard
Standard_F1,standardFFamily,eastus,1,2,Standard
Standard_F1s,standardFSFamily,eastus,1,2,Standard
Standard_D1,standardDFamily,eastus,1,3.5,Standard
Standard_D1_v2,standardDv2Family,eastus,1,3.5,Standard
Standard_DS1,standardDSFamily,eastus,1,3.5,Standard
Standard_DS1_v2,standardDSv2Family,eastus,1,3.5,Standard
Standard_DC1s_v2,standardDCSv2Family,eastus,1,4,Standard
Standard_DC1ds_v3,standardDDCSv3Family,eastus,1,8,Standard
Standard_DC1s_v3,standardDCSv3Family,eastus,1,8,Standard
Standard_B2ats_v2,standardBasv2Family,eastus,2,1,Standard
Standard_B2pts_v2,standardBpsv2Family,eastus,2,1,Standard
Standard_B2ts_v2,standardBsv2Family,eastus,2,1,Standard
Basic_A2,basicAFamily,eastus,2,3.5,Basic
Standard_A2,standardA0_A7Family,eastus,2,3.5,Standard
Standard_A2_v2,standardAv2Family,eastus,2,4,Standard
Standard_B2als_v2,standardBasv2Family,eastus,2,4,Standard
Standard_B2ls_v2,standardBsv2Family,eastus,2,4,Standard
Standard_B2pls_v2,standardBpsv2Family,eastus,2,4,Standard
Standard_B2s,standardBSFamily,eastus,2,4,Standard
Standard_D2alds_v6,standardDaldv6Family,eastus,2,4,Standard
Standard_D2als_v6,standardDalv6Family,eastus,2,4,Standard
Standard_D2lds_v5,standardDLDSv5Family,eastus,2,4,Standard
Standard_D2lds_v6,StandardDldsv6Family,eastus,2,4,Standard
Standard_D2ls_v5,standardDLSv5Family,eastus,2,4,Standard
Standard_D2ls_v6,StandardDlsv6Family,eastus,2,4,Standard
Standard_D2plds_v5,standardDPLDSv5Family,eastus,2,4,Standard
Standard_D2plds_v6,StandardDpldsv6Family,eastus,2,4,Standard
Standard_D2pls_v5,standardDPLSv5Family,eastus,2,4,Standard
Standard_D2pls_v6,StandardDplsv6Family,eastus,2,4,Standard
Standard_F2,standardFFamily,eastus,2,4,Standard
Standard_F2als_v6,StandardFalsv6Family,eastus,2,4,Standard
Standard_F2s,standardFSFamily,eastus,2,4,Standard
Standard_F2s_v2,standardFSv2Family,eastus,2,4,Standard
Standard_D2,standardDFamily,eastus,2,7,Standard
Standard_D2_v2,standardDv2Family,eastus,2,7,Standard
Standard_D2_v2_Promo,standardDv2PromoFamily,eastus,2,7,Standard
Standard_DS2,standardDSFamily,eastus,2,7,Standard
Standard_DS2_v2,standardDSv2Family,eastus,2,7,Standard
Standard_DS2_v2_Promo,standardDSv2PromoFamily,eastus,2,7,Standard
Standard_B2as_v2,standardBasv2Family,eastus,2,8,Standard
Standard_B2ms,standardBSFamily,eastus,2,8,Standard
Standard_B2ps_v2,standardBpsv2Family,eastus,2,8,Standard
Standard_B2s_v2,standardBsv2Family,eastus,2,8,Standard
Standard_D2ads_v5,standardDADSv5Family,eastus,2,8,Standard
Standard_D2ads_v6,standardDadv6Family,eastus,2,8,Standard
Standard_D2as_v4,standardDASv4Family,eastus,2,8,Standard
Standard_D2as_v5,standardDASv5Family,eastus,2,8,Standard
Standard_D2as_v6,standardDav6Family,eastus,2,8,Standard
Standard_D2a_v4,standardDAv4Family,eastus,2,8,Standard
Standard_D2ds_v4,standardDDSv4Family,eastus,2,8,Standard
Standard_D2ds_v5,standardDDSv5Family,eastus,2,8,Standard
Standard_D2ds_v6,StandardDdsv6Family,eastus,2,8,Standard
Standard_D2d_v4,standardDDv4Family,eastus,2,8,Standard
Standard_D2d_v5,standardDDv5Family,eastus,2,8,Standard
Standard_D2pds_v5,standardDPDSv5Family,eastus,2,8,Standard
Standard_D2pds_v6,StandardDpdsv6Family,eastus,2,8,Standard
Standard_D2ps_v5,standardDPSv5Family,eastus,2,8,Standard
Standard_D2ps_v6,StandardDpsv6Family,eastus,2,8,Standard
Standard_D2s_v3,standardDSv3Family,eastus,2,8,Standard
Standard_D2s_v4,standardDSv4Family,eastus,2,8,Standard
Standard_D2s_v5,standardDSv5Family,eastus,2,8,Standard
Standard_D2s_v6,StandardDsv6Family,eastus,2,8,Standard
Standard_D2_v3,standardDv3Family,eastus,2,8,Standard
Standard_D2_v4,standardDv4Family,eastus,2,8,Standard
Standard_D2_v5,standardDv5Family,eastus,2,8,Standard
Standard_DC2ads_v5,standardDCADSv5Family,eastus,2,8,Standard
Standard_DC2as_v5,standardDCASv5Family,eastus,2,8,Standard
Standard_DC2s_v2,standardDCSv2Family,eastus,2,8,Standard
Standard_F2as_v6,StandardFasv6Family,eastus,2,8,Standard
Standard_A5,standardA0_A7Family,eastus,2,14,Standard
Standard_D11,standardDFamily,eastus,2,14,Standard
Standard_D11_v2,standardDv2Family,eastus,2,14,Standard
Standard_D11_v2_Promo,standardDv2PromoFamily,eastus,2,14,Standard
Standard_DS11,standardDSFamily,eastus,2,14,Standard
Standard_DS11-1_v2,standardDSv2Family,eastus,2,14,Standard
Standard_DS11_v2,standardDSv2Family,eastus,2,14,Standard
Standard_DS11_v2_Promo,standardDSv2PromoFamily,eastus,2,14,Standard
Standard_A2m_v2,standardAv2Family,eastus,2,16,Standard
Standard_DC2ds_v3,standardDDCSv3Family,eastus,2,16,Standard
Standard_DC2s_v3,standardDCSv3Family,eastus,2,16,Standard
Standard_E2ads_v5,standardEADSv5Family,eastus,2,16,Standard
Standard_E2ads_v6,standardEadv6Family,eastus,2,16,Standard
Standard_E2as_v4,standardEASv4Family,eastus,2,16,Standard
Standard_E2as_v5,standardEASv5Family,eastus,2,16,Standard
Standard_E2as_v6,standardEav6Family,eastus,2,16,Standard
Standard_E2a_v4,standardEAv4Family,eastus,2,16,Standard
Standard_E2bds_v5,standardEBDSv5Family,eastus,2,16,Standard
Standard_E2bs_v5,standardEBSv5Family,eastus,2,16,Standard
Standard_E2ds_v4,standardEDSv4Family,eastus,2,16,Standard
Standard_E2ds_v5,standardEDSv5Family,eastus,2,16,Standard
Standard_E2ds_v6,StandardEdsv6Family,eastus,2,16,Standard
Standard_E2d_v4,standardEDv4Family,eastus,2,16,Standard
Standard_E2d_v5,standardEDv5Family,eastus,2,16,Standard
Standard_E2pds_v5,standardEPDSv5Family,eastus,2,16,Standard
Standard_E2pds_v6,StandardEpdsv6Family,eastus,2,16,Standard
Standard_E2ps_v5,standardEPSv5Family,eastus,2,16,Standard
Standard_E2ps_v6,StandardEpsv6Family,eastus,2,16,Standard
Standard_E2s_v3,standardESv3Family,eastus,2,16,Standard
Standard_E2s_v4,standardESv4Family,eastus,2,16,Standard
Standard_E2s_v5,standardESv5Family,eastus,2,16,Standard
Standard_E2s_v6,StandardEsv6Family,eastus,2,16,Standard
Standard_E2_v3,standardEv3Family,eastus,2,16,Standard
Standard_E2_v4,standardEv4Family,eastus,2,16,Standard
Standard_E2_v5,standardEv5Family,eastus,2,16,Standard
Standard_EC2ads_v5,standardECADSv5Family,eastus,2,16,Standard
Standard_EC2as_v5,standardECASv5Family,eastus,2,16,Standard
Standard_F2ams_v6,StandardFamsv6Family,eastus,2,16,Standard
Standard_L2aos_v4,standardLaosv4Family,eastus,2,16,Standard
Standard_L2as_v4,standardLasv4Family,eastus,2,16,Standard
Standard_L2s_v4,standardLsv4Family,eastus,2,16,Standard
Standard_G1,standardGFamily,eastus,2,28,Standard
Standard_GS1,standardGSFamily,eastus,2,28,Standard
Standard_FX2mds_v2,StandardFXmdsv2Family,eastus,2,42,Standard
Standard_FX2ms_v2,StandardFXmsv2Family,eastus,2,42,Standard
Basic_A3,basicAFamily,eastus,4,7,Basic
Standard_A3,standardA0_A7Family,eastus,4,7,Standard
Standard_A4_v2,standardAv2Family,eastus,4,8,Standard
Standard_B4als_v2,standardBasv2Family,eastus,4,8,Standard
Standard_B4ls_v2,standardBsv2Family,eastus,4,8,Standard
Standard_B4pls_v2,standardBpsv2Family,eastus,4,8,Standard
Standard_D4alds_v6,standardDaldv6Family,eastus,4,8,Standard
Standard_D4als_v6,standardDalv6Family,eastus,4,8,Standard
Standard_D4lds_v5,standardDLDSv5Family,eastus,4,8,Standard
Standard_D4lds_v6,StandardDldsv6Family,eastus,4,8,Standard
Standard_D4ls_v5,standardDLSv5Family,eastus,4,8,Standard
Standard_D4ls_v6,StandardDlsv6Family,eastus,4,8,Standard
Standard_D4plds_v5,standardDPLDSv5Family,eastus,4,8,Standard
Standard_D4plds_v6,StandardDpldsv6Family,eastus,4,8,Standard
Standard_D4pls_v5,standardDPLSv5Family,eastus,4,8,Standard
Standard_D4pls_v6,StandardDplsv6Family,eastus,4,8,Standard
Standard_F4,standardFFamily,eastus,4,8,Standard
Standard_F4als_v6,StandardFalsv6Family,eastus,4,8,Standard
Standard_F4s,standardFSFamily,eastus,4,8,Standard
Standard_F4s_v2,standardFSv2Family,eastus,4,8,Standard
Standard_D3,standardDFamily,eastus,4,14,Standard
Standard_D3_v2,standardDv2Family,eastus,4,14,Standard
Standard_D3_v2_Promo,standardDv2PromoFamily,eastus,4,14,Standard
Standard_DS3,standardDSFamily,eastus,4,14,Standard
Standard_DS3_v2,standardDSv2Family,eastus,4,14,Standard
Standard_DS3_v2_Promo,standardDSv2PromoFamily,eastus,4,14,Standard
Standard_NV4as_v4,standardNVSv4Family,eastus,4,14,Standard
Standard_B4as_v2,standardBasv2Family,eastus,4,16,Standard
Standard_B4ms,standardBSFamily,eastus,4,16,Standard
Standard_B4ps_v2,standardBpsv2Family,eastus,4,16,Standard
Standard_B4s_v2,standardBsv2Family,eastus,4,16,Standard
Standard_D4ads_v5,standardDADSv5Family,eastus,4,16,Standard
Standard_D4ads_v6,standardDadv6Family,eastus,4,16,Standard
Standard_D4as_v4,standardDASv4Family,eastus,4,16,Standard
Standard_D4as_v5,standardDASv5Family,eastus,4,16,Standard
Standard_D4as_v6,standardDav6Family,eastus,4,16,Standard
Standard_D4a_v4,standardDAv4Family,eastus,4,16,Standard
Standard_D4ds_v4,standardDDSv4Family,eastus,4,16,Standard
Standard_D4ds_v5,standardDDSv5Family,eastus,4,16,Standard
Standard_D4ds_v6,StandardDdsv6Family,eastus,4,16,Standard
Standard_D4d_v4,standardDDv4Family,eastus,4,16,Standard
Standard_D4d_v5,standardDDv5Family,eastus,4,16,Standard
Standard_D4pds_v5,standardDPDSv5Family,eastus,4,16,Standard
Standard_D4pds_v6,StandardDpdsv6Family,eastus,4,16,Standard
Standard_D4ps_v5,standardDPSv5Family,eastus,4,16,Standard
Standard_D4ps_v6,StandardDpsv6Family,eastus,4,16,Standard
Standard_D4s_v3,standardDSv3Family,eastus,4,16,Standard
Standard_D4s_v4,standardDSv4Family,eastus,4,16,Standard
Standard_D4s_v5,standardDSv5Family,eastus,4,16,Standard
Standard_D4s_v6,StandardDsv6Family,eastus,4,16,Standard
Standard_D4_v3,standardDv3Family,eastus,4,16,Standard
Standard_D4_v4,standardDv4Family,eastus,4,16,Standard
Standard_D4_v5,standardDv5Family,eastus,4,16,Standard
Standard_DC4ads_cc_v5,standardDCADCCV5Family,eastus,4,16,Standard
Standard_DC4ads_v5,standardDCADSv5Family,eastus,4,16,Standard
Standard_DC4as_cc_v5,standardDCACCV5Family,eastus,4,16,Standard
Standard_DC4as_v5,standardDCASv5Family,eastus,4,16,Standard
Standard_DC4s_v2,standardDCSv2Family,eastus,4,16,Standard
Standard_F4as_v6,StandardFasv6Family,eastus,4,16,Standard
Standard_NV4ads_V710_v5,StandardNVadsV710v5Family,eastus,4,16,Standard
Standard_A6,standardA0_A7Family,eastus,4,28,Standard
Standard_D12,standardDFamily,eastus,4,28,Standard
Standard_D12_v2,standardDv2Family,eastus,4,28,Standard
Standard_D12_v2_Promo,standardDv2PromoFamily,eastus,4,28,Standard
Standard_DS12,standardDSFamily,eastus,4,28,Standard
Standard_DS12-1_v2,standardDSv2Family,eastus,4,28,Standard
Standard_DS12-2_v2,standardDSv2Family,eastus,4,28,Standard
Standard_DS12_v2,standardDSv2Family,eastus,4,28,Standard
Standard_DS12_v2_Promo,standardDSv2PromoFamily,eastus,4,28,Standard
Standard_NC4as_T4_v3,Standard NCASv3_T4 Family,eastus,4,28,Standard
Standard_A4m_v2,standardAv2Family,eastus,4,32,Standard
Standard_DC4ds_v3,standardDDCSv3Family,eastus,4,32,Standard
Standard_DC4s_v3,standardDCSv3Family,eastus,4,32,Standard
Standard_E4-2ads_v5,standardEADSv5Family,eastus,4,32,Standard
Standard_E4-2as_v4,standardEASv4Family,eastus,4,32,Standard
Standard_E4-2as_v5,standardEASv5Family,eastus,4,32,Standard
Standard_E4-2ds_v4,standardEDSv4Family,eastus,4,32,Standard
Standard_E4-2ds_v5,standardEDSv5Family,eastus,4,32,Standard
Standard_E4-2ds_v6,StandardEdsv6Family,eastus,4,32,Standard
Standard_E4-2s_v3,standardESv3Family,eastus,4,32,Standard
Standard_E4-2s_v4,standardESv4Family,eastus,4,32,Standard
Standard_E4-2s_v5,standardESv5Family,eastus,4,32,Standard
Standard_E4-2s_v6,StandardEsv6Family,eastus,4,32,Standard
Standard_E4ads_v5,standardEADSv5Family,eastus,4,32,Standard
Standard_E4ads_v6,standardEadv6Family,eastus,4,32,Standard
Standard_E4as_v4,standardEASv4Family,eastus,4,32,Standard
Standard_E4as_v5,standardEASv5Family,eastus,4,32,Standard
Standard_E4as_v6,standardEav6Family,eastus,4,32,Standard
Standard_E4a_v4,standardEAv4Family,eastus,4,32,Standard
Standard_E4bds_v5,standardEBDSv5Family,eastus,4,32,Standard
Standard_E4bs_v5,standardEBSv5Family,eastus,4,32,Standard
Standard_E4ds_v4,standardEDSv4Family,eastus,4,32,Standard
Standard_E4ds_v5,standardEDSv5Family,eastus,4,32,Standard
Standard_E4ds_v6,StandardEdsv6Family,eastus,4,32,Standard
Standard_E4d_v4,standardEDv4Family,eastus,4,32,Standard
Standard_E4d_v5,standardEDv5Family,eastus,4,32,Standard
Standard_E4pds_v5,standardEPDSv5Family,eastus,4,32,Standard
Standard_E4pds_v6,StandardEpdsv6Family,eastus,4,32,Standard
Standard_E4ps_v5,standardEPSv5Family,eastus,4,32,Standard
Standard_E4ps_v6,StandardEpsv6Family,eastus,4,32,Standard
Standard_E4s_v3,standardESv3Family,eastus,4,32,Standard
Standard_E4s_v4,standardESv4Family,eastus,4,32,Standard
Standard_E4s_v5,standardESv5Family,eastus,4,32,Standard
Standard_E4s_v6,StandardEsv6Family,eastus,4,32,Standard
Standard_E4_v3,standardEv3Family,eastus,4,32,Standard
Standard_E4_v4,standardEv4Family,eastus,4,32,Standard
Standard_E4_v5,standardEv5Family,eastus,4,32,Standard
Standard_EC4ads_cc_v5,standardECADCCV5Family,eastus,4,32,Standard
Standard_EC4ads_v5,standardECADSv5Family,eastus,4,32,Standard
Standard_EC4as_cc_v5,standardECACCV5Family,eastus,4,32,Standard
Standard_EC4as_v5,standardECASv5Family,eastus,4,32,Standard
Standard_F4ams_v6,StandardFamsv6Family,eastus,4,32,Standard
Standard_L4aos_v4,standardLaosv4Family,eastus,4,32,Standard
Standard_L4as_v4,standardLasv4Family,eastus,4,32,Standard
Standard_L4s,standardLSFamily,eastus,4,32,Standard
Standard_L4s_v4,standardLsv4Family,eastus,4,32,Standard
Standard_G2,standardGFamily,eastus,4,56,Standard
Standard_GS2,standardGSFamily,eastus,4,56,Standard
Standard_FX4-2mds_v2,StandardFXmdsv2Family,eastus,4,84,Standard
Standard_FX4-2ms_v2,StandardFXmsv2Family,eastus,4,84,Standard
Standard_FX4mds,standardFXMDVSFamily,eastus,4,84,Standard
Standard_FX4mds_v2,StandardFXmdsv2Family,eastus,4,84,Standard
Standard_FX4ms_v2,StandardFXmsv2Family,eastus,4,84,Standard
Standard_NV6ads_A10_v5,StandardNVADSA10v5Family,eastus,6,55,Standard
Standard_NC6s_v3,standardNCSv3Family,eastus,6,112,Standard
Standard_NV6s_v2,standardNVSv2Family,eastus,6,112,Standard
Standard_PB6s,standardPBSFamily,eastus,6,112,Standard
Basic_A4,basicAFamily,eastus,8,14,Basic
Standard_A4,standardA0_A7Family,eastus,8,14,Standard
Standard_A8_v2,standardAv2Family,eastus,8,16,Standard
Standard_B8als_v2,standardBasv2Family,eastus,8,16,Standard
Standard_B8ls_v2,standardBsv2Family,eastus,8,16,Standard
Standard_B8pls_v2,standardBpsv2Family,eastus,8,16,Standard
Standard_D8alds_v6,standardDaldv6Family,eastus,8,16,Standard
Standard_D8als_v6,standardDalv6Family,eastus,8,16,Standard
Standard_D8lds_v5,standardDLDSv5Family,eastus,8,16,Standard
Standard_D8lds_v6,StandardDldsv6Family,eastus,8,16,Standard
Standard_D8ls_v5,standardDLSv5Family,eastus,8,16,Standard
Standard_D8ls_v6,StandardDlsv6Family,eastus,8,16,Standard
Standard_D8plds_v5,standardDPLDSv5Family,eastus,8,16,Standard
Standard_D8plds_v6,StandardDpldsv6Family,eastus,8,16,Standard
Standard_D8pls_v5,standardDPLSv5Family,eastus,8,16,Standard
Standard_D8pls_v6,StandardDplsv6Family,eastus,8,16,Standard
Standard_F8,standardFFamily,eastus,8,16,Standard
Standard_F8als_v6,StandardFalsv6Family,eastus,8,16,Standard
Standard_F8s,standardFSFamily,eastus,8,16,Standard
Standard_F8s_v2,standardFSv2Family,eastus,8,16,Standard
Standard_D4,standardDFamily,eastus,8,28,Standard
Standard_D4_v2,standardDv2Family,eastus,8,28,Standard
Standard_D4_v2_Promo,standardDv2PromoFamily,eastus,8,28,Standard
Standard_DS4,standardDSFamily,eastus,8,28,Standard
Standard_DS4_v2,standardDSv2Family,eastus,8,28,Standard
Standard_DS4_v2_Promo,standardDSv2PromoFamily,eastus,8,28,Standard
Standard_NV8as_v4,standardNVSv4Family,eastus,8,28,Standard
Standard_B8as_v2,standardBasv2Family,eastus,8,32,Standard
Standard_B8ms,standardBSFamily,eastus,8,32,Standard
Standard_B8ps_v2,standardBpsv2Family,eastus,8,32,Standard
Standard_B8s_v2,standardBsv2Family,eastus,8,32,Standard
Standard_D8ads_v5,standardDADSv5Family,eastus,8,32,Standard
Standard_D8ads_v6,standardDadv6Family,eastus,8,32,Standard
Standard_D8as_v4,standardDASv4Family,eastus,8,32,Standard
Standard_D8as_v5,standardDASv5Family,eastus,8,32,Standard
Standard_D8as_v6,standardDav6Family,eastus,8,32,Standard
Standard_D8a_v4,standardDAv4Family,eastus,8,32,Standard
Standard_D8ds_v4,standardDDSv4Family,eastus,8,32,Standard
Standard_D8ds_v5,standardDDSv5Family,eastus,8,32,Standard
Standard_D8ds_v6,StandardDdsv6Family,eastus,8,32,Standard
Standard_D8d_v4,standardDDv4Family,eastus,8,32,Standard
Standard_D8d_v5,standardDDv5Family,eastus,8,32,Standard
Standard_D8pds_v5,standardDPDSv5Family,eastus,8,32,Standard
Standard_D8pds_v6,StandardDpdsv6Family,eastus,8,32,Standard
Standard_D8ps_v5,standardDPSv5Family,eastus,8,32,Standard
Standard_D8ps_v6,StandardDpsv6Family,eastus,8,32,Standard
Standard_D8s_v3,standardDSv3Family,eastus,8,32,Standard
Standard_D8s_v4,standardDSv4Family,eastus,8,32,Standard
Standard_D8s_v5,standardDSv5Family,eastus,8,32,Standard
Standard_D8s_v6,StandardDsv6Family,eastus,8,32,Standard
Standard_D8_v3,standardDv3Family,eastus,8,32,Standard
Standard_D8_v4,standardDv4Family,eastus,8,32,Standard
Standard_D8_v5,standardDv5Family,eastus,8,32,Standard
Standard_DC8ads_cc_v5,standardDCADCCV5Family,eastus,8,32,Standard
Standard_DC8ads_v5,standardDCADSv5Family,eastus,8,32,Standard
Standard_DC8as_cc_v5,standardDCACCV5Family,eastus,8,32,Standard
Standard_DC8as_v5,standardDCASv5Family,eastus,8,32,Standard
Standard_DC8_v2,standardDCSv2Family,eastus,8,32,Standard
Standard_F8as_v6,StandardFasv6Family,eastus,8,32,Standard
Standard_NV8ads_V710_v5,StandardNVadsV710v5Family,eastus,8,32,Standard
Standard_A7,standardA0_A7Family,eastus,8,56,Standard
Standard_D13,standardDFamily,eastus,8,56,Standard
Standard_D13_v2,standardDv2Family,eastus,8,56,Standard
Standard_D13_v2_Promo,standardDv2PromoFamily,eastus,8,56,Standard
Standard_DS13,standardDSFamily,eastus,8,56,Standard
Standard_DS13-2_v2,standardDSv2Family,eastus,8,56,Standard
Standard_DS13-4_v2,standardDSv2Family,eastus,8,56,Standard
Standard_DS13_v2,standardDSv2Family,eastus,8,56,Standard
Standard_DS13_v2_Promo,standardDSv2PromoFamily,eastus,8,56,Standard
Standard_NC8as_T4_v3,Standard NCASv3_T4 Family,eastus,8,56,Standard
Standard_A8m_v2,standardAv2Family,eastus,8,64,Standard
Standard_DC8ds_v3,standardDDCSv3Family,eastus,8,64,Standard
Standard_DC8s_v3,standardDCSv3Family,eastus,8,64,Standard
Standard_E8-2ads_v5,standardEADSv5Family,eastus,8,64,Standard
Standard_E8-2as_v4,standardEASv4Family,eastus,8,64,Standard
Standard_E8-2as_v5,standardEASv5Family,eastus,8,64,Standard
Standard_E8-2ds_v4,standardEDSv4Family,eastus,8,64,Standard
Standard_E8-2ds_v5,standardEDSv5Family,eastus,8,64,Standard
Standard_E8-2ds_v6,StandardEdsv6Family,eastus,8,64,Standard
Standard_E8-2s_v3,standardESv3Family,eastus,8,64,Standard
Standard_E8-2s_v4,standardESv4Family,eastus,8,64,Standard
Standard_E8-2s_v5,standardESv5Family,eastus,8,64,Standard
Standard_E8-2s_v6,StandardEsv6Family,eastus,8,64,Standard
Standard_E8-4ads_v5,standardEADSv5Family,eastus,8,64,Standard
Standard_E8-4as_v4,standardEASv4Family,eastus,8,64,Standard
Standard_E8-4as_v5,standardEASv5Family,eastus,8,64,Standard
Standard_E8-4ds_v4,standardEDSv4Family,eastus,8,64,Standard
Standard_E8-4ds_v5,standardEDSv5Family,eastus,8,64,Standard
Standard_E8-4ds_v6,StandardEdsv6Family,eastus,8,64,Standard
Standard_E8-4s_v3,standardESv3Family,eastus,8,64,Standard
Standard_E8-4s_v4,standardESv4Family,eastus,8,64,Standard
Standard_E8-4s_v5,standardESv5Family,eastus,8,64,Standard
Standard_E8-4s_v6,StandardEsv6Family,eastus,8,64,Standard
Standard_E8ads_v5,standardEADSv5Family,eastus,8,64,Standard
Standard_E8ads_v6,standardEadv6Family,eastus,8,64,Standard
Standard_E8as_v4,standardEASv4Family,eastus,8,64,Standard
Standard_E8as_v5,standardEASv5Family,eastus,8,64,Standard
Standard_E8as_v6,standardEav6Family,eastus,8,64,Standard
Standard_E8a_v4,standardEAv4Family,eastus,8,64,Standard
Standard_E8bds_v5,standardEBDSv5Family,eastus,8,64,Standard
Standard_E8bs_v5,standardEBSv5Family,eastus,8,64,Standard
Standard_E8ds_v4,standardEDSv4Family,eastus,8,64,Standard
Standard_E8ds_v5,standardEDSv5Family,eastus,8,64,Standard
Standard_E8ds_v6,StandardEdsv6Family,eastus,8,64,Standard
Standard_E8d_v4,standardEDv4Family,eastus,8,64,Standard
Standard_E8d_v5,standardEDv5Family,eastus,8,64,Standard
Standard_E8pds_v5,standardEPDSv5Family,eastus,8,64,Standard
Standard_E8pds_v6,StandardEpdsv6Family,eastus,8,64,Standard
Standard_E8ps_v5,standardEPSv5Family,eastus,8,64,Standard
Standard_E8ps_v6,StandardEpsv6Family,eastus,8,64,Standard
Standard_E8s_v3,standardESv3Family,eastus,8,64,Standard
Standard_E8s_v4,standardESv4Family,eastus,8,64,Standard
Standard_E8s_v5,standardESv5Family,eastus,8,64,Standard
Standard_E8s_v6,StandardEsv6Family,eastus,8,64,Standard
Standard_E8_v3,standardEv3Family,eastus,8,64,Standard
Standard_E8_v4,standardEv4Family,eastus,8,64,Standard
Standard_E8_v5,standardEv5Family,eastus,8,64,Standard
Standard_EC8ads_cc_v5,standardECADCCV5Family,eastus,8,64,Standard
Standard_EC8ads_v5,standardECADSv5Family,eastus,8,64,Standard
Standard_EC8as_cc_v5,standardECACCV5Family,eastus,8,64,Standard
Standard_EC8as_v5,standardECASv5Family,eastus,8,64,Standard
Standard_F8ams_v6,StandardFamsv6Family,eastus,8,64,Standard
Standard_L8aos_v4,standardLaosv4Family,eastus,8,64,Standard
Standard_L8as_v3,standardLASv3Family,eastus,8,64,Standard
Standard_L8as_v4,standardLasv4Family,eastus,8,64,Standard
Standard_L8s,standardLSFamily,eastus,8,64,Standard
Standard_L8s_v2,standardLSv2Family,eastus,8,64,Standard
Standard_L8s_v3,standardLSv3Family,eastus,8,64,Standard
Standard_L8s_v4,standardLsv4Family,eastus,8,64,Standard
Standard_G3,standardGFamily,eastus,8,112,Standard
Standard_GS3,standardGSFamily,eastus,8,112,Standard
Standard_FX8-2mds_v2,StandardFXmdsv2Family,eastus,8,168,Standard
Standard_FX8-2ms_v2,StandardFXmsv2Family,eastus,8,168,Standard
Standard_FX8-4mds_v2,StandardFXmdsv2Family,eastus,8,168,Standard
Standard_FX8-4ms_v2,StandardFXmsv2Family,eastus,8,168,Standard
Standard_FX8mds_v2,StandardFXmdsv2Family,eastus,8,168,Standard
Standard_FX8ms_v2,StandardFXmsv2Family,eastus,8,168,Standard
Standard_M8-2ms,standardMSFamily,eastus,8,218.75,Standard
Standard_M8-4ms,standardMSFamily,eastus,8,218.75,Standard
Standard_M8ms,standardMSFamily,eastus,8,218.75,Standard
Standard_NP10s,standardNPSFamily,eastus,10,168,Standard
Standard_B12ms,standardBSFamily,eastus,12,48,Standard
Standard_NV12ads_V710_v5,StandardNVadsV710v5Family,eastus,12,64,Standard
Standard_L12aos_v4,standardLaosv4Family,eastus,12,96,Standard
Standard_NV12ads_A10_v5,StandardNVADSA10v5Family,eastus,12,110,Standard
Standard_NV12s_v3,standardNVSv3Family,eastus,12,112,Standard
Standard_NC12s_v3,standardNCSv3Family,eastus,12,224,Standard
Standard_NV12s_v2,standardNVSv2Family,eastus,12,224,Standard
Standard_M12ds_v3,standardMDSMediumMemoryv3Family,eastus,12,240,Standard
Standard_M12s_v3,standardMSMediumMemoryv3Family,eastus,12,240,Standard
Standard_FX12-6mds_v2,StandardFXmdsv2Family,eastus,12,252,Standard
Standard_FX12-6ms_v2,StandardFXmsv2Family,eastus,12,252,Standard
Standard_FX12mds,standardFXMDVSFamily,eastus,12,252,Standard
Standard_FX12mds_v2,StandardFXmdsv2Family,eastus,12,252,Standard
Standard_FX12ms_v2,StandardFXmsv2Family,eastus,12,252,Standard
Standard_B16als_v2,standardBasv2Family,eastus,16,32,Standard
Standard_B16ls_v2,standardBsv2Family,eastus,16,32,Standard
Standard_B16pls_v2,standardBpsv2Family,eastus,16,32,Standard
Standard_D16alds_v6,standardDaldv6Family,eastus,16,32,Standard
Standard_D16als_v6,standardDalv6Family,eastus,16,32,Standard
Standard_D16lds_v5,standardDLDSv5Family,eastus,16,32,Standard
Standard_D16lds_v6,StandardDldsv6Family,eastus,16,32,Standard
Standard_D16ls_v5,standardDLSv5Family,eastus,16,32,Standard
Standard_D16ls_v6,StandardDlsv6Family,eastus,16,32,Standard
Standard_D16plds_v5,standardDPLDSv5Family,eastus,16,32,Standard
Standard_D16plds_v6,StandardDpldsv6Family,eastus,16,32,Standard
Standard_D16pls_v5,standardDPLSv5Family,eastus,16,32,Standard
Standard_D16pls_v6,StandardDplsv6Family,eastus,16,32,Standard
Standard_F16,standardFFamily,eastus,16,32,Standard
Standard_F16als_v6,StandardFalsv6Family,eastus,16,32,Standard
Standard_F16s,standardFSFamily,eastus,16,32,Standard
Standard_F16s_v2,standardFSv2Family,eastus,16,32,Standard
Standard_D5_v2,standardDv2Family,eastus,16,56,Standard
Standard_D5_v2_Promo,standardDv2PromoFamily,eastus,16,56,Standard
Standard_DS5_v2,standardDSv2Family,eastus,16,56,Standard
Standard_DS5_v2_Promo,standardDSv2PromoFamily,eastus,16,56,Standard
Standard_NV16as_v4,standardNVSv4Family,eastus,16,56,Standard
Standard_B16as_v2,standardBasv2Family,eastus,16,64,Standard
Standard_B16ms,standardBSFamily,eastus,16,64,Standard
Standard_B16ps_v2,standardBpsv2Family,eastus,16,64,Standard
Standard_B16s_v2,standardBsv2Family,eastus,16,64,Standard
Standard_D16ads_v5,standardDADSv5Family,eastus,16,64,Standard
Standard_D16ads_v6,standardDadv6Family,eastus,16,64,Standard
Standard_D16as_v4,standardDASv4Family,eastus,16,64,Standard
Standard_D16as_v5,standardDASv5Family,eastus,16,64,Standard
Standard_D16as_v6,standardDav6Family,eastus,16,64,Standard
Standard_D16a_v4,standardDAv4Family,eastus,16,64,Standard
Standard_D16ds_v4,standardDDSv4Family,eastus,16,64,Standard
Standard_D16ds_v5,standardDDSv5Family,eastus,16,64,Standard
Standard_D16ds_v6,StandardDdsv6Family,eastus,16,64,Standard
Standard_D16d_v4,standardDDv4Family,eastus,16,64,Standard
Standard_D16d_v5,standardDDv5Family,eastus,16,64,Standard
Standard_D16pds_v5,standardDPDSv5Family,eastus,16,64,Standard
Standard_D16pds_v6,StandardDpdsv6Family,eastus,16,64,Standard
Standard_D16ps_v5,standardDPSv5Family,eastus,16,64,Standard
Standard_D16ps_v6,StandardDpsv6Family,eastus,16,64,Standard
Standard_D16s_v3,standardDSv3Family,eastus,16,64,Standard
Standard_D16s_v4,standardDSv4Family,eastus,16,64,Standard
Standard_D16s_v5,standardDSv5Family,eastus,16,64,Standard
Standard_D16s_v6,StandardDsv6Family,eastus,16,64,Standard
Standard_D16_v3,standardDv3Family,eastus,16,64,Standard
Standard_D16_v4,standardDv4Family,eastus,16,64,Standard
Standard_D16_v5,standardDv5Family,eastus,16,64,Standard
Standard_DC16ads_cc_v5,standardDCADCCV5Family,eastus,16,64,Standard
Standard_DC16ads_v5,standardDCADSv5Family,eastus,16,64,Standard
Standard_DC16as_cc_v5,standardDCACCV5Family,eastus,16,64,Standard
Standard_DC16as_v5,standardDCASv5Family,eastus,16,64,Standard
Standard_F16as_v6,StandardFasv6Family,eastus,16,64,Standard
Standard_NC16as_T4_v3,Standard NCASv3_T4 Family,eastus,16,110,Standard
Standard_D14,standardDFamily,eastus,16,112,Standard
Standard_D14_v2,standardDv2Family,eastus,16,112,Standard
Standard_D14_v2_Promo,standardDv2PromoFamily,eastus,16,112,Standard
Standard_DS14,standardDSFamily,eastus,16,112,Standard
Standard_DS14-4_v2,standardDSv2Family,eastus,16,112,Standard
Standard_DS14-8_v2,standardDSv2Family,eastus,16,112,Standard
Standard_DS14_v2,standardDSv2Family,eastus,16,112,Standard
Standard_DS14_v2_Promo,standardDSv2PromoFamily,eastus,16,112,Standard
Standard_DC16ds_v3,standardDDCSv3Family,eastus,16,128,Standard
Standard_DC16s_v3,standardDCSv3Family,eastus,16,128,Standard
Standard_E16-4ads_v5,standardEADSv5Family,eastus,16,128,Standard
Standard_E16-4as_v4,standardEASv4Family,eastus,16,128,Standard
Standard_E16-4as_v5,standardEASv5Family,eastus,16,128,Standard
Standard_E16-4ds_v4,standardEDSv4Family,eastus,16,128,Standard
Standard_E16-4ds_v5,standardEDSv5Family,eastus,16,128,Standard
Standard_E16-4ds_v6,StandardEdsv6Family,eastus,16,128,Standard
Standard_E16-4s_v3,standardESv3Family,eastus,16,128,Standard
Standard_E16-4s_v4,standardESv4Family,eastus,16,128,Standard
Standard_E16-4s_v5,standardESv5Family,eastus,16,128,Standard
Standard_E16-4s_v6,StandardEsv6Family,eastus,16,128,Standard
Standard_E16-8ads_v5,standardEADSv5Family,eastus,16,128,Standard
Standard_E16-8as_v4,standardEASv4Family,eastus,16,128,Standard
Standard_E16-8as_v5,standardEASv5Family,eastus,16,128,Standard
Standard_E16-8ds_v4,standardEDSv4Family,eastus,16,128,Standard
Standard_E16-8ds_v5,standardEDSv5Family,eastus,16,128,Standard
Standard_E16-8ds_v6,StandardEdsv6Family,eastus,16,128,Standard
Standard_E16-8s_v3,standardESv3Family,eastus,16,128,Standard
Standard_E16-8s_v4,standardESv4Family,eastus,16,128,Standard
Standard_E16-8s_v5,standardESv5Family,eastus,16,128,Standard
Standard_E16-8s_v6,StandardEsv6Family,eastus,16,128,Standard
Standard_E16ads_v5,standardEADSv5Family,eastus,16,128,Standard
Standard_E16ads_v6,standardEadv6Family,eastus,16,128,Standard
Standard_E16as_v4,standardEASv4Family,eastus,16,128,Standard
Standard_E16as_v5,standardEASv5Family,eastus,16,128,Standard
Standard_E16as_v6,standardEav6Family,eastus,16,128,Standard
Standard_E16a_v4,standardEAv4Family,eastus,16,128,Standard
Standard_E16bds_v5,standardEBDSv5Family,eastus,16,128,Standard
Standard_E16bs_v5,standardEBSv5Family,eastus,16,128,Standard
Standard_E16ds_v4,standardEDSv4Family,eastus,16,128,Standard
Standard_E16ds_v5,standardEDSv5Family,eastus,16,128,Standard
Standard_E16ds_v6,StandardEdsv6Family,eastus,16,128,Standard
Standard_E16d_v4,standardEDv4Family,eastus,16,128,Standard
Standard_E16d_v5,standardEDv5Family,eastus,16,128,Standard
Standard_E16pds_v5,standardEPDSv5Family,eastus,16,128,Standard
Standard_E16pds_v6,StandardEpdsv6Family,eastus,16,128,Standard
Standard_E16ps_v5,standardEPSv5Family,eastus,16,128,Standard
Standard_E16ps_v6,StandardEpsv6Family,eastus,16,128,Standard
Standard_E16s_v3,standardESv3Family,eastus,16,128,Standard
Standard_E16s_v4,standardESv4Family,eastus,16,128,Standard
Standard_E16s_v5,standardESv5Family,eastus,16,128,Standard
Standard_E16s_v6,StandardEsv6Family,eastus,16,128,Standard
Standard_E16_v3,standardEv3Family,eastus,16,128,Standard
Standard_E16_v4,standardEv4Family,eastus,16,128,Standard
Standard_E16_v5,standardEv5Family,eastus,16,128,Standard
Standard_EC16ads_cc_v5,standardECADCCV5Family,eastus,16,128,Standard
Standard_EC16ads_v5,standardECADSv5Family,eastus,16,128,Standard
Standard_EC16as_cc_v5,standardECACCV5Family,eastus,16,128,Standard
Standard_EC16as_v5,standardECASv5Family,eastus,16,128,Standard
Standard_F16ams_v6,StandardFamsv6Family,eastus,16,128,Standard
Standard_L16aos_v4,standardLaosv4Family,eastus,16,128,Standard
Standard_L16as_v3,standardLASv3Family,eastus,16,128,Standard
Standard_L16as_v4,standardLasv4Family,eastus,16,128,Standard
Standard_L16s,standardLSFamily,eastus,16,128,Standard
Standard_L16s_v2,standardLSv2Family,eastus,16,128,Standard
Standard_L16s_v3,standardLSv3Family,eastus,16,128,Standard
Standard_L16s_v4,standardLsv4Family,eastus,16,128,Standard
Standard_M16bds_v3,StandardMBDSMediumMemoryv3Family,eastus,16,128,Standard
Standard_M16bs_v3,StandardMBSMediumMemoryv3Family,eastus,16,128,Standard
Standard_G4,standardGFamily,eastus,16,224,Standard
Standard_GS4,standardGSFamily,eastus,16,224,Standard
Standard_GS4-4,standardGSFamily,eastus,16,224,Standard
Standard_GS4-8,standardGSFamily,eastus,16,224,Standard
Standard_FX16-4mds_v2,StandardFXmdsv2Family,eastus,16,336,Standard
Standard_FX16-4ms_v2,StandardFXmsv2Family,eastus,16,336,Standard
Standard_FX16-8mds_v2,StandardFXmdsv2Family,eastus,16,336,Standard
Standard_FX16-8ms_v2,StandardFXmsv2Family,eastus,16,336,Standard
Standard_FX16mds_v2,StandardFXmdsv2Family,eastus,16,336,Standard
Standard_FX16ms_v2,StandardFXmsv2Family,eastus,16,336,Standard
Standard_M16-4ms,standardMSFamily,eastus,16,437.5,Standard
Standard_M16-8ms,standardMSFamily,eastus,16,437.5,Standard
Standard_M16ms,standardMSFamily,eastus,16,437.5,Standard
Standard_NV18ads_A10_v5,StandardNVADSA10v5Family,eastus,18,220,Standard
Standard_B20ms,standardBSFamily,eastus,20,80,Standard
Standard_D15_v2,standardDv2Family,eastus,20,140,Standard
Standard_DS15_v2,standardDSv2Family,eastus,20,140,Standard
Standard_E20ads_v5,standardEADSv5Family,eastus,20,160,Standard
Standard_E20ads_v6,standardEadv6Family,eastus,20,160,Standard
Standard_E20as_v4,standardEASv4Family,eastus,20,160,Standard
Standard_E20as_v5,standardEASv5Family,eastus,20,160,Standard
Standard_E20as_v6,standardEav6Family,eastus,20,160,Standard
Standard_E20a_v4,standardEAv4Family,eastus,20,160,Standard
Standard_E20ds_v4,standardEDSv4Family,eastus,20,160,Standard
Standard_E20ds_v5,standardEDSv5Family,eastus,20,160,Standard
Standard_E20ds_v6,StandardEdsv6Family,eastus,20,160,Standard
Standard_E20d_v4,standardEDv4Family,eastus,20,160,Standard
Standard_E20d_v5,standardEDv5Family,eastus,20,160,Standard
Standard_E20pds_v5,standardEPDSv5Family,eastus,20,160,Standard
Standard_E20ps_v5,standardEPSv5Family,eastus,20,160,Standard
Standard_E20s_v3,standardESv3Family,eastus,20,160,Standard
Standard_E20s_v4,standardESv4Family,eastus,20,160,Standard
Standard_E20s_v5,standardESv5Family,eastus,20,160,Standard
Standard_E20s_v6,StandardEsv6Family,eastus,20,160,Standard
Standard_E20_v3,standardEv3Family,eastus,20,160,Standard
Standard_E20_v4,standardEv4Family,eastus,20,160,Standard
Standard_E20_v5,standardEv5Family,eastus,20,160,Standard
Standard_EC20ads_cc_v5,standardECADCCV5Family,eastus,20,160,Standard
Standard_EC20ads_v5,standardECADSv5Family,eastus,20,160,Standard
Standard_EC20as_cc_v5,standardECACCV5Family,eastus,20,160,Standard
Standard_EC20as_v5,standardECASv5Family,eastus,20,160,Standard
Standard_NP20s,standardNPSFamily,eastus,20,336,Standard
Standard_NV24ads_V710_v5,StandardNVadsV710v5Family,eastus,24,128,Standard
Standard_DC24ds_v3,standardDDCSv3Family,eastus,24,192,Standard
Standard_DC24s_v3,standardDCSv3Family,eastus,24,192,Standard
Standard_L24aos_v4,standardLaosv4Family,eastus,24,192,Standard
Standard_NC24ads_A100_v4,StandardNCADSA100v4Family,eastus,24,220,Standard
Standard_NV24s_v3,standardNVSv3Family,eastus,24,224,Standard
Standard_NC24rs_v3,standardNCSv3Family,eastus,24,448,Standard
Standard_NC24s_v3,standardNCSv3Family,eastus,24,448,Standard
Standard_NV24s_v2,standardNVSv2Family,eastus,24,448,Standard
Standard_M24ds_v3,standardMDSMediumMemoryv3Family,eastus,24,480,Standard
Standard_M24s_v3,standardMSMediumMemoryv3Family,eastus,24,480,Standard
Standard_FX24-12mds_v2,StandardFXmdsv2Family,eastus,24,504,Standard
Standard_FX24-12ms_v2,StandardFXmsv2Family,eastus,24,504,Standard
Standard_FX24-6mds_v2,StandardFXmdsv2Family,eastus,24,504,Standard
Standard_FX24-6ms_v2,StandardFXmsv2Family,eastus,24,504,Standard
Standard_FX24mds,standardFXMDVSFamily,eastus,24,504,Standard
Standard_FX24mds_v2,StandardFXmdsv2Family,eastus,24,504,Standard
Standard_FX24ms_v2,StandardFXmsv2Family,eastus,24,504,Standard
Standard_B32als_v2,standardBasv2Family,eastus,32,64,Standard
Standard_B32ls_v2,standardBsv2Family,eastus,32,64,Standard
Standard_D32alds_v6,standardDaldv6Family,eastus,32,64,Standard
Standard_D32als_v6,standardDalv6Family,eastus,32,64,Standard
Standard_D32lds_v5,standardDLDSv5Family,eastus,32,64,Standard
Standard_D32lds_v6,StandardDldsv6Family,eastus,32,64,Standard
Standard_D32ls_v5,standardDLSv5Family,eastus,32,64,Standard
Standard_D32ls_v6,StandardDlsv6Family,eastus,32,64,Standard
Standard_D32plds_v5,standardDPLDSv5Family,eastus,32,64,Standard
Standard_D32plds_v6,StandardDpldsv6Family,eastus,32,64,Standard
Standard_D32pls_v5,standardDPLSv5Family,eastus,32,64,Standard
Standard_D32pls_v6,StandardDplsv6Family,eastus,32,64,Standard
Standard_F32als_v6,StandardFalsv6Family,eastus,32,64,Standard
Standard_F32s_v2,standardFSv2Family,eastus,32,64,Standard
Standard_NV32as_v4,standardNVSv4Family,eastus,32,112,Standard
Standard_B32as_v2,standardBasv2Family,eastus,32,128,Standard
Standard_B32s_v2,standardBsv2Family,eastus,32,128,Standard
Standard_D32ads_v5,standardDADSv5Family,eastus,32,128,Standard
Standard_D32ads_v6,standardDadv6Family,eastus,32,128,Standard
Standard_D32as_v4,standardDASv4Family,eastus,32,128,Standard
Standard_D32as_v5,standardDASv5Family,eastus,32,128,Standard
Standard_D32as_v6,standardDav6Family,eastus,32,128,Standard
Standard_D32a_v4,standardDAv4Family,eastus,32,128,Standard
Standard_D32ds_v4,standardDDSv4Family,eastus,32,128,Standard
Standard_D32ds_v5,standardDDSv5Family,eastus,32,128,Standard
Standard_D32ds_v6,StandardDdsv6Family,eastus,32,128,Standard
Standard_D32d_v4,standardDDv4Family,eastus,32,128,Standard
Standard_D32d_v5,standardDDv5Family,eastus,32,128,Standard
Standard_D32pds_v5,standardDPDSv5Family,eastus,32,128,Standard
Standard_D32pds_v6,StandardDpdsv6Family,eastus,32,128,Standard
Standard_D32ps_v5,standardDPSv5Family,eastus,32,128,Standard
Standard_D32ps_v6,StandardDpsv6Family,eastus,32,128,Standard
Standard_D32s_v3,standardDSv3Family,eastus,32,128,Standard
Standard_D32s_v4,standardDSv4Family,eastus,32,128,Standard
Standard_D32s_v5,standardDSv5Family,eastus,32,128,Standard
Standard_D32s_v6,StandardDsv6Family,eastus,32,128,Standard
Standard_D32_v3,standardDv3Family,eastus,32,128,Standard
Standard_D32_v4,standardDv4Family,eastus,32,128,Standard
Standard_D32_v5,standardDv5Family,eastus,32,128,Standard
Standard_DC32ads_cc_v5,standardDCADCCV5Family,eastus,32,128,Standard
Standard_DC32ads_v5,standardDCADSv5Family,eastus,32,128,Standard
Standard_DC32as_cc_v5,standardDCACCV5Family,eastus,32,128,Standard
Standard_DC32as_v5,standardDCASv5Family,eastus,32,128,Standard
Standard_F32as_v6,StandardFasv6Family,eastus,32,128,Standard
Standard_EC32ads_cc_v5,standardECADCCV5Family,eastus,32,192,Standard
Standard_EC32ads_v5,standardECADSv5Family,eastus,32,192,Standard
Standard_EC32as_cc_v5,standardECACCV5Family,eastus,32,192,Standard
Standard_EC32as_v5,standardECASv5Family,eastus,32,192,Standard
Standard_M32ts,standardMSFamily,eastus,32,192,Standard
Standard_E32pds_v5,standardEPDSv5Family,eastus,32,208,Standard
Standard_E32ps_v5,standardEPSv5Family,eastus,32,208,Standard
Standard_DC32ds_v3,standardDDCSv3Family,eastus,32,256,Standard
Standard_DC32s_v3,standardDCSv3Family,eastus,32,256,Standard
Standard_E32-16ads_v5,standardEADSv5Family,eastus,32,256,Standard
Standard_E32-16as_v4,standardEASv4Family,eastus,32,256,Standard
Standard_E32-16as_v5,standardEASv5Family,eastus,32,256,Standard
Standard_E32-16ds_v4,standardEDSv4Family,eastus,32,256,Standard
Standard_E32-16ds_v5,standardEDSv5Family,eastus,32,256,Standard
Standard_E32-16ds_v6,StandardEdsv6Family,eastus,32,256,Standard
Standard_E32-16s_v3,standardESv3Family,eastus,32,256,Standard
Standard_E32-16s_v4,standardESv4Family,eastus,32,256,Standard
Standard_E32-16s_v5,standardESv5Family,eastus,32,256,Standard
Standard_E32-16s_v6,StandardEsv6Family,eastus,32,256,Standard
Standard_E32-8ads_v5,standardEADSv5Family,eastus,32,256,Standard
Standard_E32-8as_v4,standardEASv4Family,eastus,32,256,Standard
Standard_E32-8as_v5,standardEASv5Family,eastus,32,256,Standard
Standard_E32-8ds_v4,standardEDSv4Family,eastus,32,256,Standard
Standard_E32-8ds_v5,standardEDSv5Family,eastus,32,256,Standard
Standard_E32-8ds_v6,StandardEdsv6Family,eastus,32,256,Standard
Standard_E32-8s_v3,standardESv3Family,eastus,32,256,Standard
Standard_E32-8s_v4,standardESv4Family,eastus,32,256,Standard
Standard_E32-8s_v5,standardESv5Family,eastus,32,256,Standard
Standard_E32-8s_v6,StandardEsv6Family,eastus,32,256,Standard
Standard_E32ads_v5,standardEADSv5Family,eastus,32,256,Standard
Standard_E32ads_v6,standardEadv6Family,eastus,32,256,Standard
Standard_E32as_v4,standardEASv4Family,eastus,32,256,Standard
Standard_E32as_v5,standardEASv5Family,eastus,32,256,Standard
Standard_E32as_v6,standardEav6Family,eastus,32,256,Standard
Standard_E32a_v4,standardEAv4Family,eastus,32,256,Standard
Standard_E32bds_v5,standardEBDSv5Family,eastus,32,256,Standard
Standard_E32bs_v5,standardEBSv5Family,eastus,32,256,Standard
Standard_E32ds_v4,standardEDSv4Family,eastus,32,256,Standard
Standard_E32ds_v5,standardEDSv5Family,eastus,32,256,Standard
Standard_E32ds_v6,StandardEdsv6Family,eastus,32,256,Standard
Standard_E32d_v4,standardEDv4Family,eastus,32,256,Standard
Standard_E32d_v5,standardEDv5Family,eastus,32,256,Standard
Standard_E32pds_v6,StandardEpdsv6Family,eastus,32,256,Standard
Standard_E32ps_v6,StandardEpsv6Family,eastus,32,256,Standard
Standard_E32s_v3,standardESv3Family,eastus,32,256,Standard
Standard_E32s_v4,standardESv4Family,eastus,32,256,Standard
Standard_E32s_v5,standardESv5Family,eastus,32,256,Standard
Standard_E32s_v6,StandardEsv6Family,eastus,32,256,Standard
Standard_E32_v3,standardEv3Family,eastus,32,256,Standard
Standard_E32_v4,standardEv4Family,eastus,32,256,Standard
Standard_E32_v5,standardEv5Family,eastus,32,256,Standard
Standard_F32ams_v6,StandardFamsv6Family,eastus,32,256,Standard
Standard_L32aos_v4,standardLaosv4Family,eastus,32,256,Standard
Standard_L32as_v3,standardLASv3Family,eastus,32,256,Standard
Standard_L32as_v4,standardLasv4Family,eastus,32,256,Standard
Standard_L32s,standardLSFamily,eastus,32,256,Standard
Standard_L32s_v2,standardLSv2Family,eastus,32,256,Standard
Standard_L32s_v3,standardLSv3Family,eastus,32,256,Standard
Standard_L32s_v4,standardLsv4Family,eastus,32,256,Standard
Standard_M32bds_v3,StandardMBDSMediumMemoryv3Family,eastus,32,256,Standard
Standard_M32bs_v3,StandardMBSMediumMemoryv3Family,eastus,32,256,Standard
Standard_M32ls,standardMSFamily,eastus,32,256,Standard
Standard_G5,standardGFamily,eastus,32,448,Standard
Standard_GS5,standardGSFamily,eastus,32,448,Standard
Standard_GS5-16,standardGSFamily,eastus,32,448,Standard
Standard_GS5-8,standardGSFamily,eastus,32,448,Standard
Standard_FX32-16mds_v2,StandardFXmdsv2Family,eastus,32,672,Standard
Standard_FX32-16ms_v2,StandardFXmsv2Family,eastus,32,672,Standard
Standard_FX32-8mds_v2,StandardFXmdsv2Family,eastus,32,672,Standard
Standard_FX32-8ms_v2,StandardFXmsv2Family,eastus,32,672,Standard
Standard_FX32mds_v2,StandardFXmdsv2Family,eastus,32,672,Standard
Standard_FX32ms_v2,StandardFXmsv2Family,eastus,32,672,Standard
Standard_M32-16ms,standardMSFamily,eastus,32,875,Standard
Standard_M32-8ms,standardMSFamily,eastus,32,875,Standard
Standard_M32dms_v2,standardMDSMediumMemoryv2Family,eastus,32,875,Standard
Standard_M32ms,standardMSFamily,eastus,32,875,Standard
Standard_M32ms_v2,standardMSMediumMemoryv2Family,eastus,32,875,Standard
Standard_NV36ads_A10_v5,StandardNVADSA10v5Family,eastus,36,440,Standard
Standard_FX36mds,standardFXMDVSFamily,eastus,36,756,Standard
Standard_NV36adms_A10_v5,StandardNVADSA10v5Family,eastus,36,880,Standard
Standard_NC40ads_H100_v5,StandardNCadsH100v5Family,eastus,40,320,Standard
Standard_ND40rs_v2,standardNDSv2Family,eastus,40,672,Standard
Standard_ND40s_v3,standardNDSv3Family,eastus,40,672,Standard
Standard_NP40s,standardNPSFamily,eastus,40,672,Standard
Standard_HC44-16rs,standardHCSFamily,eastus,44,352,Standard
Standard_HC44-32rs,standardHCSFamily,eastus,44,352,Standard
Standard_HC44rs,standardHCSFamily,eastus,44,352,Standard
Standard_D48alds_v6,standardDaldv6Family,eastus,48,96,Standard
Standard_D48als_v6,standardDalv6Family,eastus,48,96,Standard
Standard_D48lds_v5,standardDLDSv5Family,eastus,48,96,Standard
Standard_D48lds_v6,StandardDldsv6Family,eastus,48,96,Standard
Standard_D48ls_v5,standardDLSv5Family,eastus,48,96,Standard
Standard_D48ls_v6,StandardDlsv6Family,eastus,48,96,Standard
Standard_D48plds_v5,standardDPLDSv5Family,eastus,48,96,Standard
Standard_D48plds_v6,StandardDpldsv6Family,eastus,48,96,Standard
Standard_D48pls_v5,standardDPLSv5Family,eastus,48,96,Standard
Standard_D48pls_v6,StandardDplsv6Family,eastus,48,96,Standard
Standard_F48als_v6,StandardFalsv6Family,eastus,48,96,Standard
Standard_F48s_v2,standardFSv2Family,eastus,48,96,Standard
Standard_D48ads_v5,standardDADSv5Family,eastus,48,192,Standard
Standard_D48ads_v6,standardDadv6Family,eastus,48,192,Standard
Standard_D48as_v4,standardDASv4Family,eastus,48,192,Standard
Standard_D48as_v5,standardDASv5Family,eastus,48,192,Standard
Standard_D48as_v6,standardDav6Family,eastus,48,192,Standard
Standard_D48a_v4,standardDAv4Family,eastus,48,192,Standard
Standard_D48ds_v4,standardDDSv4Family,eastus,48,192,Standard
Standard_D48ds_v5,standardDDSv5Family,eastus,48,192,Standard
Standard_D48ds_v6,StandardDdsv6Family,eastus,48,192,Standard
Standard_D48d_v4,standardDDv4Family,eastus,48,192,Standard
Standard_D48d_v5,standardDDv5Family,eastus,48,192,Standard
Standard_D48pds_v5,standardDPDSv5Family,eastus,48,192,Standard
Standard_D48pds_v6,StandardDpdsv6Family,eastus,48,192,Standard
Standard_D48ps_v5,standardDPSv5Family,eastus,48,192,Standard
Standard_D48ps_v6,StandardDpsv6Family,eastus,48,192,Standard
Standard_D48s_v3,standardDSv3Family,eastus,48,192,Standard
Standard_D48s_v4,standardDSv4Family,eastus,48,192,Standard
Standard_D48s_v5,standardDSv5Family,eastus,48,192,Standard
Standard_D48s_v6,StandardDsv6Family,eastus,48,192,Standard
Standard_D48_v3,standardDv3Family,eastus,48,192,Standard
Standard_D48_v4,standardDv4Family,eastus,48,192,Standard
Standard_D48_v5,standardDv5Family,eastus,48,192,Standard
Standard_DC48ads_cc_v5,standardDCADCCV5Family,eastus,48,192,Standard
Standard_DC48ads_v5,standardDCADSv5Family,eastus,48,192,Standard
Standard_DC48as_cc_v5,standardDCACCV5Family,eastus,48,192,Standard
Standard_DC48as_v5,standardDCASv5Family,eastus,48,192,Standard
Standard_F48as_v6,StandardFasv6Family,eastus,48,192,Standard
Standard_DC48ds_v3,standardDDCSv3Family,eastus,48,384,Standard
Standard_DC48s_v3,standardDCSv3Family,eastus,48,384,Standard
Standard_E48ads_v5,standardEADSv5Family,eastus,48,384,Standard
Standard_E48ads_v6,standardEadv6Family,eastus,48,384,Standard
Standard_E48as_v4,standardEASv4Family,eastus,48,384,Standard
Standard_E48as_v5,standardEASv5Family,eastus,48,384,Standard
Standard_E48as_v6,standardEav6Family,eastus,48,384,Standard
Standard_E48a_v4,standardEAv4Family,eastus,48,384,Standard
Standard_E48bds_v5,standardEBDSv5Family,eastus,48,384,Standard
Standard_E48bs_v5,standardEBSv5Family,eastus,48,384,Standard
Standard_E48ds_v4,standardEDSv4Family,eastus,48,384,Standard
Standard_E48ds_v5,standardEDSv5Family,eastus,48,384,Standard
Standard_E48ds_v6,StandardEdsv6Family,eastus,48,384,Standard
Standard_E48d_v4,standardEDv4Family,eastus,48,384,Standard
Standard_E48d_v5,standardEDv5Family,eastus,48,384,Standard
Standard_E48pds_v6,StandardEpdsv6Family,eastus,48,384,Standard
Standard_E48ps_v6,StandardEpsv6Family,eastus,48,384,Standard
Standard_E48s_v3,standardESv3Family,eastus,48,384,Standard
Standard_E48s_v4,standardESv4Family,eastus,48,384,Standard
Standard_E48s_v5,standardESv5Family,eastus,48,384,Standard
Standard_E48s_v6,StandardEsv6Family,eastus,48,384,Standard
Standard_E48_v3,standardEv3Family,eastus,48,384,Standard
Standard_E48_v4,standardEv4Family,eastus,48,384,Standard
Standard_E48_v5,standardEv5Family,eastus,48,384,Standard
Standard_EC48ads_cc_v5,standardECADCCV5Family,eastus,48,384,Standard
Standard_EC48ads_v5,standardECADSv5Family,eastus,48,384,Standard
Standard_EC48as_cc_v5,standardECACCV5Family,eastus,48,384,Standard
Standard_EC48as_v5,standardECASv5Family,eastus,48,384,Standard
Standard_F48ams_v6,StandardFamsv6Family,eastus,48,384,Standard
Standard_L48as_v3,standardLASv3Family,eastus,48,384,Standard
Standard_L48as_v4,standardLasv4Family,eastus,48,384,Standard
Standard_L48s_v2,standardLSv2Family,eastus,48,384,Standard
Standard_L48s_v3,standardLSv3Family,eastus,48,384,Standard
Standard_L48s_v4,standardLsv4Family,eastus,48,384,Standard
Standard_M48bds_v3,StandardMBDSMediumMemoryv3Family,eastus,48,384,Standard
Standard_M48bs_v3,StandardMBSMediumMemoryv3Family,eastus,48,384,Standard
Standard_NC48ads_A100_v4,StandardNCADSA100v4Family,eastus,48,440,Standard
Standard_NV48s_v3,standardNVSv3Family,eastus,48,448,Standard
Standard_M48ds_1_v3,standardMDSMediumMemoryv3Family,eastus,48,974,Standard
Standard_M48s_1_v3,standardMSMediumMemoryv3Family,eastus,48,974,Standard
Standard_FX48-12mds_v2,StandardFXmdsv2Family,eastus,48,1008,Standard
Standard_FX48-12ms_v2,StandardFXmsv2Family,eastus,48,1008,Standard
Standard_FX48-24mds_v2,StandardFXmdsv2Family,eastus,48,1008,Standard
Standard_FX48-24ms_v2,StandardFXmsv2Family,eastus,48,1008,Standard
Standard_FX48mds,standardFXMDVSFamily,eastus,48,1008,Standard
Standard_FX48mds_v2,StandardFXmdsv2Family,eastus,48,1008,Standard
Standard_FX48ms_v2,StandardFXmsv2Family,eastus,48,1008,Standard
Standard_D64alds_v6,standardDaldv6Family,eastus,64,128,Standard
Standard_D64als_v6,standardDalv6Family,eastus,64,128,Standard
Standard_D64lds_v5,standardDLDSv5Family,eastus,64,128,Standard
Standard_D64lds_v6,StandardDldsv6Family,eastus,64,128,Standard
Standard_D64ls_v5,standardDLSv5Family,eastus,64,128,Standard
Standard_D64ls_v6,StandardDlsv6Family,eastus,64,128,Standard
Standard_D64plds_v5,standardDPLDSv5Family,eastus,64,128,Standard
Standard_D64plds_v6,StandardDpldsv6Family,eastus,64,128,Standard
Standard_D64pls_v5,standardDPLSv5Family,eastus,64,128,Standard
Standard_D64pls_v6,StandardDplsv6Family,eastus,64,128,Standard
Standard_F64als_v6,StandardFalsv6Family,eastus,64,128,Standard
Standard_F64s_v2,standardFSv2Family,eastus,64,128,Standard
Standard_D64pds_v5,standardDPDSv5Family,eastus,64,208,Standard
Standard_D64ps_v5,standardDPSv5Family,eastus,64,208,Standard
Standard_D64ads_v5,standardDADSv5Family,eastus,64,256,Standard
Standard_D64ads_v6,standardDadv6Family,eastus,64,256,Standard
Standard_D64as_v4,standardDASv4Family,eastus,64,256,Standard
Standard_D64as_v5,standardDASv5Family,eastus,64,256,Standard
Standard_D64as_v6,standardDav6Family,eastus,64,256,Standard
Standard_D64a_v4,standardDAv4Family,eastus,64,256,Standard
Standard_D64ds_v4,standardDDSv4Family,eastus,64,256,Standard
Standard_D64ds_v5,standardDDSv5Family,eastus,64,256,Standard
Standard_D64ds_v6,StandardDdsv6Family,eastus,64,256,Standard
Standard_D64d_v4,standardDDv4Family,eastus,64,256,Standard
Standard_D64d_v5,standardDDv5Family,eastus,64,256,Standard
Standard_D64pds_v6,StandardDpdsv6Family,eastus,64,256,Standard
Standard_D64ps_v6,StandardDpsv6Family,eastus,64,256,Standard
Standard_D64s_v3,standardDSv3Family,eastus,64,256,Standard
Standard_D64s_v4,standardDSv4Family,eastus,64,256,Standard
Standard_D64s_v5,standardDSv5Family,eastus,64,256,Standard
Standard_D64s_v6,StandardDsv6Family,eastus,64,256,Standard
Standard_D64_v3,standardDv3Family,eastus,64,256,Standard
Standard_D64_v4,standardDv4Family,eastus,64,256,Standard
Standard_D64_v5,standardDv5Family,eastus,64,256,Standard
Standard_DC64ads_cc_v5,standardDCADCCV5Family,eastus,64,256,Standard
Standard_DC64ads_v5,standardDCADSv5Family,eastus,64,256,Standard
Standard_DC64as_cc_v5,standardDCACCV5Family,eastus,64,256,Standard
Standard_DC64as_v5,standardDCASv5Family,eastus,64,256,Standard
Standard_F64as_v6,StandardFasv6Family,eastus,64,256,Standard
Standard_E64-16s_v3,standardESv3Family,eastus,64,432,Standard
Standard_E64-32s_v3,standardESv3Family,eastus,64,432,Standard
Standard_E64is_v3,standardEISv3Family,eastus,64,432,Standard
Standard_E64i_v3,standardEIv3Family,eastus,64,432,Standard
Standard_E64s_v3,standardESv3Family,eastus,64,432,Standard
Standard_E64_v3,standardEv3Family,eastus,64,432,Standard
Standard_NC64as_T4_v3,Standard NCASv3_T4 Family,eastus,64,440,Standard
Standard_E64-16ds_v4,standardEDSv4Family,eastus,64,504,Standard
Standard_E64-16s_v4,standardESv4Family,eastus,64,504,Standard
Standard_E64-32ds_v4,standardEDSv4Family,eastus,64,504,Standard
Standard_E64-32s_v4,standardESv4Family,eastus,64,504,Standard
Standard_E64ds_v4,standardEDSv4Family,eastus,64,504,Standard
Standard_E64d_v4,standardEDv4Family,eastus,64,504,Standard
Standard_E64s_v4,standardESv4Family,eastus,64,504,Standard
Standard_E64_v4,standardEv4Family,eastus,64,504,Standard
Standard_E64-16ads_v5,standardEADSv5Family,eastus,64,512,Standard
Standard_E64-16as_v4,standardEASv4Family,eastus,64,512,Standard
Standard_E64-16as_v5,standardEASv5Family,eastus,64,512,Standard
Standard_E64-16ds_v5,standardEDSv5Family,eastus,64,512,Standard
Standard_E64-16ds_v6,StandardEdsv6Family,eastus,64,512,Standard
Standard_E64-16s_v5,standardESv5Family,eastus,64,512,Standard
Standard_E64-16s_v6,StandardEsv6Family,eastus,64,512,Standard
Standard_E64-32ads_v5,standardEADSv5Family,eastus,64,512,Standard
Standard_E64-32as_v4,standardEASv4Family,eastus,64,512,Standard
Standard_E64-32as_v5,standardEASv5Family,eastus,64,512,Standard
Standard_E64-32ds_v5,standardEDSv5Family,eastus,64,512,Standard
Standard_E64-32ds_v6,StandardEdsv6Family,eastus,64,512,Standard
Standard_E64-32s_v5,standardESv5Family,eastus,64,512,Standard
Standard_E64-32s_v6,StandardEsv6Family,eastus,64,512,Standard
Standard_E64ads_v5,standardEADSv5Family,eastus,64,512,Standard
Standard_E64ads_v6,standardEadv6Family,eastus,64,512,Standard
Standard_E64as_v4,standardEASv4Family,eastus,64,512,Standard
Standard_E64as_v5,standardEASv5Family,eastus,64,512,Standard
Standard_E64as_v6,standardEav6Family,eastus,64,512,Standard
Standard_E64a_v4,standardEAv4Family,eastus,64,512,Standard
Standard_E64bds_v5,standardEBDSv5Family,eastus,64,512,Standard
Standard_E64bs_v5,standardEBSv5Family,eastus,64,512,Standard
Standard_E64ds_v5,standardEDSv5Family,eastus,64,512,Standard
Standard_E64ds_v6,StandardEdsv6Family,eastus,64,512,Standard
Standard_E64d_v5,standardEDv5Family,eastus,64,512,Standard
Standard_E64pds_v6,StandardEpdsv6Family,eastus,64,512,Standard
Standard_E64ps_v6,StandardEpsv6Family,eastus,64,512,Standard
Standard_E64s_v5,standardESv5Family,eastus,64,512,Standard
Standard_E64s_v6,StandardEsv6Family,eastus,64,512,Standard
Standard_E64_v5,standardEv5Family,eastus,64,512,Standard
Standard_EC64ads_cc_v5,standardECADCCV5Family,eastus,64,512,Standard
Standard_EC64ads_v5,standardECADSv5Family,eastus,64,512,Standard
Standard_EC64as_cc_v5,standardECACCV5Family,eastus,64,512,Standard
Standard_EC64as_v5,standardECASv5Family,eastus,64,512,Standard
Standard_F64ams_v6,StandardFamsv6Family,eastus,64,512,Standard
Standard_L64as_v3,standardLASv3Family,eastus,64,512,Standard
Standard_L64as_v4,standardLasv4Family,eastus,64,512,Standard
Standard_L64s_v2,standardLSv2Family,eastus,64,512,Standard
Standard_L64s_v3,standardLSv3Family,eastus,64,512,Standard
Standard_L64s_v4,standardLsv4Family,eastus,64,512,Standard
Standard_M64bds_v3,StandardMBDSMediumMemoryv3Family,eastus,64,512,Standard
Standard_M64bs_v3,StandardMBSMediumMemoryv3Family,eastus,64,512,Standard
Standard_M64ls,standardMSFamily,eastus,64,512,Standard
Standard_M64,standardMSFamily,eastus,64,1024,Standard
Standard_M64ds_v2,standardMDSMediumMemoryv2Family,eastus,64,1024,Standard
Standard_M64s,standardMSFamily,eastus,64,1024,Standard
Standard_M64s_v2,standardMSMediumMemoryv2Family,eastus,64,1024,Standard
Standard_FX64-16mds_v2,StandardFXmdsv2Family,eastus,64,1344,Standard
Standard_FX64-16ms_v2,StandardFXmsv2Family,eastus,64,1344,Standard
Standard_FX64-32mds_v2,StandardFXmdsv2Family,eastus,64,1344,Standard
Standard_FX64-32ms_v2,StandardFXmsv2Family,eastus,64,1344,Standard
Standard_FX64mds_v2,StandardFXmdsv2Family,eastus,64,1344,Standard
Standard_FX64ms_v2,StandardFXmsv2Family,eastus,64,1344,Standard
Standard_M64-32bds_1_v3,StandardMBDSMediumMemoryv3Family,eastus,64,1397,Standard
Standard_M64bds_1_v3,StandardMBDSMediumMemoryv3Family,eastus,64,1397,Standard
Standard_M64-16ms,standardMSFamily,eastus,64,1792,Standard
Standard_M64-32ms,standardMSFamily,eastus,64,1792,Standard
Standard_M64dms_v2,standardMDSMediumMemoryv2Family,eastus,64,1792,Standard
Standard_M64m,standardMSFamily,eastus,64,1792,Standard
Standard_M64ms,standardMSFamily,eastus,64,1792,Standard
Standard_M64ms_v2,standardMSMediumMemoryv2Family,eastus,64,1792,Standard
Standard_F72s_v2,standardFSv2Family,eastus,72,144,Standard
Standard_NV72ads_A10_v5,StandardNVADSA10v5Family,eastus,72,880,Standard
Standard_E80ids_v4,standardXEIDSv4Family,eastus,80,504,Standard
Standard_E80is_v4,standardXEISv4Family,eastus,80,504,Standard
Standard_L80as_v3,standardLASv3Family,eastus,80,640,Standard
Standard_L80as_v4,standardLasv4Family,eastus,80,640,Standard
Standard_L80s_v2,standardLSv2Family,eastus,80,640,Standard
Standard_L80s_v3,standardLSv3Family,eastus,80,640,Standard
Standard_L80s_v4,standardLsv4Family,eastus,80,640,Standard
Standard_NC80adis_H100_v5,StandardNCadsH100v5Family,eastus,80,640,Standard
Standard_D96alds_v6,standardDaldv6Family,eastus,96,192,Standard
Standard_D96als_v6,standardDalv6Family,eastus,96,192,Standard
Standard_D96lds_v5,standardDLDSv5Family,eastus,96,192,Standard
Standard_D96lds_v6,StandardDldsv6Family,eastus,96,192,Standard
Standard_D96ls_v5,standardDLSv5Family,eastus,96,192,Standard
Standard_D96ls_v6,StandardDlsv6Family,eastus,96,192,Standard
Standard_D96plds_v6,StandardDpldsv6Family,eastus,96,192,Standard
Standard_D96pls_v6,StandardDplsv6Family,eastus,96,192,Standard
Standard_D96ads_v5,standardDADSv5Family,eastus,96,384,Standard
Standard_D96ads_v6,standardDadv6Family,eastus,96,384,Standard
Standard_D96as_v4,standardDASv4Family,eastus,96,384,Standard
Standard_D96as_v5,standardDASv5Family,eastus,96,384,Standard
Standard_D96as_v6,standardDav6Family,eastus,96,384,Standard
Standard_D96a_v4,standardDAv4Family,eastus,96,384,Standard
Standard_D96ds_v5,standardDDSv5Family,eastus,96,384,Standard
Standard_D96ds_v6,StandardDdsv6Family,eastus,96,384,Standard
Standard_D96d_v5,standardDDv5Family,eastus,96,384,Standard
Standard_D96pds_v6,StandardDpdsv6Family,eastus,96,384,Standard
Standard_D96ps_v6,StandardDpsv6Family,eastus,96,384,Standard
Standard_D96s_v5,standardDSv5Family,eastus,96,384,Standard
Standard_D96s_v6,StandardDsv6Family,eastus,96,384,Standard
Standard_D96_v5,standardDv5Family,eastus,96,384,Standard
Standard_DC96ads_cc_v5,standardDCADCCV5Family,eastus,96,384,Standard
Standard_DC96ads_v5,standardDCADSv5Family,eastus,96,384,Standard
Standard_DC96as_cc_v5,standardDCACCV5Family,eastus,96,384,Standard
Standard_DC96as_v5,standardDCASv5Family,eastus,96,384,Standard
Standard_E96-24ads_v5,standardEADSv5Family,eastus,96,672,Standard
Standard_E96-24ads_v6,standardEadv6Family,eastus,96,672,Standard
Standard_E96-24as_v4,standardEASv4Family,eastus,96,672,Standard
Standard_E96-24as_v5,standardEASv5Family,eastus,96,672,Standard
Standard_E96-24ds_v5,standardEDSv5Family,eastus,96,672,Standard
Standard_E96-24s_v5,standardESv5Family,eastus,96,672,Standard
Standard_E96-48ads_v5,standardEADSv5Family,eastus,96,672,Standard
Standard_E96-48ads_v6,standardEadv6Family,eastus,96,672,Standard
Standard_E96-48as_v4,standardEASv4Family,eastus,96,672,Standard
Standard_E96-48as_v5,standardEASv5Family,eastus,96,672,Standard
Standard_E96-48ds_v5,standardEDSv5Family,eastus,96,672,Standard
Standard_E96-48s_v5,standardESv5Family,eastus,96,672,Standard
Standard_E96ads_v5,standardEADSv5Family,eastus,96,672,Standard
Standard_E96ads_v6,standardEadv6Family,eastus,96,672,Standard
Standard_E96as_v4,standardEASv4Family,eastus,96,672,Standard
Standard_E96as_v5,standardEASv5Family,eastus,96,672,Standard
Standard_E96as_v6,standardEav6Family,eastus,96,672,Standard
Standard_E96a_v4,standardEAv4Family,eastus,96,672,Standard
Standard_E96bds_v5,standardEBDSv5Family,eastus,96,672,Standard
Standard_E96bs_v5,standardEBSv5Family,eastus,96,672,Standard
Standard_E96ds_v5,standardEDSv5Family,eastus,96,672,Standard
Standard_E96d_v5,standardEDv5Family,eastus,96,672,Standard
Standard_E96ias_v4,standardEIASv4Family,eastus,96,672,Standard
Standard_E96pds_v6,StandardEpdsv6Family,eastus,96,672,Standard
Standard_E96ps_v6,StandardEpsv6Family,eastus,96,672,Standard
Standard_E96s_v5,standardESv5Family,eastus,96,672,Standard
Standard_E96_v5,standardEv5Family,eastus,96,672,Standard
Standard_EC96ads_cc_v5,standardECADCCV5Family,eastus,96,672,Standard
Standard_EC96ads_v5,standardECADSv5Family,eastus,96,672,Standard
Standard_EC96as_cc_v5,standardECACCV5Family,eastus,96,672,Standard
Standard_EC96as_v5,standardECASv5Family,eastus,96,672,Standard
Standard_EC96iads_v5,standardECIADSv5Family,eastus,96,672,Standard
Standard_EC96ias_v5,standardECIASv5Family,eastus,96,672,Standard
Standard_E96-24ds_v6,StandardEdsv6Family,eastus,96,768,Standard
Standard_E96-24s_v6,StandardEsv6Family,eastus,96,768,Standard
Standard_E96-48ds_v6,StandardEdsv6Family,eastus,96,768,Standard
Standard_E96-48s_v6,StandardEsv6Family,eastus,96,768,Standard
Standard_E96ds_v6,StandardEdsv6Family,eastus,96,768,Standard
Standard_E96s_v6,StandardEsv6Family,eastus,96,768,Standard
Standard_L96as_v4,standardLasv4Family,eastus,96,768,Standard
Standard_L96s_v4,standardLsv4Family,eastus,96,768,Standard
Standard_M96bds_v3,StandardMBDSMediumMemoryv3Family,eastus,96,768,Standard
Standard_M96bs_v3,StandardMBSMediumMemoryv3Family,eastus,96,768,Standard
Standard_NC96ads_A100_v4,StandardNCADSA100v4Family,eastus,96,880,Standard
Standard_ND96asr_v4,Standard NDASv4_A100 Family,eastus,96,900,Standard
Standard_M96ds_1_v3,standardMDSMediumMemoryv3Family,eastus,96,974,Standard
Standard_M96s_1_v3,standardMSMediumMemoryv3Family,eastus,96,974,Standard
Standard_ND96amsr_A100_v4,standard NDAMSv4_A100Family,eastus,96,1800,Standard
Standard_FX96-24mds_v2,StandardFXmdsv2Family,eastus,96,1832,Standard
Standard_FX96-24ms_v2,StandardFXmsv2Family,eastus,96,1832,Standard
Standard_FX96-48mds_v2,StandardFXmdsv2Family,eastus,96,1832,Standard
Standard_FX96-48ms_v2,StandardFXmsv2Family,eastus,96,1832,Standard
Standard_FX96mds_v2,StandardFXmdsv2Family,eastus,96,1832,Standard
Standard_FX96ms_v2,StandardFXmsv2Family,eastus,96,1832,Standard
Standard_ND96isr_H100_v5,standardNDSH100v5Family,eastus,96,1900,Standard
Standard_M96-48bds_2_v3,StandardMBDSMediumMemoryv3Family,eastus,96,1946,Standard
Standard_M96bds_2_v3,StandardMBDSMediumMemoryv3Family,eastus,96,1946,Standard
Standard_M96ds_2_v3,standardMDSMediumMemoryv3Family,eastus,96,1946,Standard
Standard_M96s_2_v3,standardMSMediumMemoryv3Family,eastus,96,1946,Standard
Standard_E104ids_v5,standardEIDSv5Family,eastus,104,672,Standard
Standard_E104id_v5,standardEIDv5Family,eastus,104,672,Standard
Standard_E104is_v5,standardEISv5Family,eastus,104,672,Standard
Standard_E104i_v5,standardEIv5Family,eastus,104,672,Standard
Standard_E112iads_v5,standardEIADSv5Family,eastus,112,672,Standard
Standard_E112ias_v5,standardEIASv5Family,eastus,112,672,Standard
Standard_E112ibds_v5,standardEIBDSv5Family,eastus,112,672,Standard
Standard_E112ibs_v5,standardEIBSv5Family,eastus,112,672,Standard
Standard_HB120-16rs_v2,standardHBrsv2Family,eastus,120,456,Standard
Standard_HB120-16rs_v3,standardHBv3Family,eastus,120,456,Standard
Standard_HB120-32rs_v2,standardHBrsv2Family,eastus,120,456,Standard
Standard_HB120-32rs_v3,standardHBv3Family,eastus,120,456,Standard
Standard_HB120-64rs_v2,standardHBrsv2Family,eastus,120,456,Standard
Standard_HB120-64rs_v3,standardHBv3Family,eastus,120,456,Standard
Standard_HB120-96rs_v2,standardHBrsv2Family,eastus,120,456,Standard
Standard_HB120-96rs_v3,standardHBv3Family,eastus,120,456,Standard
Standard_HB120rs_v2,standardHBrsv2Family,eastus,120,456,Standard
Standard_HB120rs_v3,standardHBv3Family,eastus,120,456,Standard
Standard_D128lds_v6,StandardDldsv6Family,eastus,128,256,Standard
Standard_D128ls_v6,StandardDlsv6Family,eastus,128,256,Standard
Standard_D128ds_v6,StandardDdsv6Family,eastus,128,512,Standard
Standard_D128s_v6,StandardDsv6Family,eastus,128,512,Standard
Standard_E128-32ds_v6,StandardEdsv6Family,eastus,128,1024,Standard
Standard_E128-32s_v6,StandardEsv6Family,eastus,128,1024,Standard
Standard_E128-64ds_v6,StandardEdsv6Family,eastus,128,1024,Standard
Standard_E128-64s_v6,StandardEsv6Family,eastus,128,1024,Standard
Standard_E128ds_v6,StandardEdsv6Family,eastus,128,1024,Standard
Standard_E128s_v6,StandardEsv6Family,eastus,128,1024,Standard
Standard_M128-64bds_v3,StandardMBDSMediumMemoryv3Family,eastus,128,1024,Standard
Standard_M128-64bs_v3,StandardMBSMediumMemoryv3Family,eastus,128,1024,Standard
Standard_M128bds_v3,StandardMBDSMediumMemoryv3Family,eastus,128,1024,Standard
Standard_M128bs_v3,StandardMBSMediumMemoryv3Family,eastus,128,1024,Standard
Standard_M128,standardMSFamily,eastus,128,2048,Standard
Standard_M128ds_v2,standardMDSMediumMemoryv2Family,eastus,128,2048,Standard
Standard_M128s,standardMSFamily,eastus,128,2048,Standard
Standard_M128s_v2,standardMSMediumMemoryv2Family,eastus,128,2048,Standard
Standard_M128-64bds_3_v3,StandardMBDSMediumMemoryv3Family,eastus,128,2794,Standard
Standard_M128bds_3_v3,StandardMBDSMediumMemoryv3Family,eastus,128,2794,Standard
Standard_M128-32ms,standardMSFamily,eastus,128,3892,Standard
Standard_M128-64ms,standardMSFamily,eastus,128,3892,Standard
Standard_M128dms_v2,standardMDSMediumMemoryv2Family,eastus,128,3892,Standard
Standard_M128m,standardMSFamily,eastus,128,3892,Standard
Standard_M128ms,standardMSFamily,eastus,128,3892,Standard
Standard_M128ms_v2,standardMSMediumMemoryv2Family,eastus,128,3892,Standard
Standard_HB176-144rs_v4,standardHBv4Family,eastus,176,768,Standard
Standard_HB176-24rs_v4,standardHBv4Family,eastus,176,768,Standard
Standard_HB176-48rs_v4,standardHBv4Family,eastus,176,768,Standard
Standard_HB176-96rs_v4,standardHBv4Family,eastus,176,768,Standard
Standard_HB176rs_v4,standardHBv4Family,eastus,176,768,Standard
Standard_HX176-144rs,standardHXFamily,eastus,176,1408,Standard
Standard_HX176-24rs,standardHXFamily,eastus,176,1408,Standard
Standard_HX176-48rs,standardHXFamily,eastus,176,1408,Standard
Standard_HX176-96rs,standardHXFamily,eastus,176,1408,Standard
Standard_HX176rs,standardHXFamily,eastus,176,1408,Standard
Standard_M176-88bds_v3,StandardMBDSMediumMemoryv3Family,eastus,176,1536,Standard
Standard_M176-88bs_v3,StandardMBSMediumMemoryv3Family,eastus,176,1536,Standard
Standard_M176bds_v3,StandardMBDSMediumMemoryv3Family,eastus,176,1536,Standard
Standard_M176bs_v3,StandardMBSMediumMemoryv3Family,eastus,176,1536,Standard
Standard_M176ds_3_v3,standardMDSMediumMemoryv3Family,eastus,176,2794,Standard
Standard_M176s_3_v3,standardMSMediumMemoryv3Family,eastus,176,2794,Standard
Standard_M176-88bds_4_v3,StandardMBDSMediumMemoryv3Family,eastus,176,3892,Standard
Standard_M176bds_4_v3,StandardMBDSMediumMemoryv3Family,eastus,176,3892,Standard
Standard_M176ds_4_v3,standardMDSMediumMemoryv3Family,eastus,176,3892,Standard
Standard_M176s_4_v3,standardMSMediumMemoryv3Family,eastus,176,3892,Standard
Standard_E192ids_v6,StandardEdsv6Family,eastus,192,1832,Standard
Standard_E192is_v6,StandardEsv6Family,eastus,192,1832,Standard
Standard_M192ids_v2,standardMIDSMediumMemoryv2Family,eastus,192,2048,Standard
Standard_M192is_v2,standardMISMediumMemoryv2Family,eastus,192,2048,Standard
Standard_M192idms_v2,standardMIDSMediumMemoryv2Family,eastus,192,4096,Standard
Standard_M192ims_v2,standardMISMediumMemoryv2Family,eastus,192,4096,Standard
Standard_M208s_v2,standardMSv2Family,eastus,208,2850,Standard
Standard_M208ms_v2,standardMSv2Family,eastus,208,5700,Standard
Standard_M416bs_v3,StandardMBSMediumMemoryv3Family,eastus,416,3800,Standard
Standard_M416ds_6_v3,standardMDSHighMemoryv3Family,eastus,416,5696,Standard
Standard_M416s_6_v3,standardMSHighMemoryv3Family,eastus,416,5696,Standard
Standard_M416-208s_v2,standardMSv2Family,eastus,416,5700,Standard
Standard_M416s_v2,standardMSv2Family,eastus,416,5700,Standard
Standard_M416ds_8_v3,standardMDSHighMemoryv3Family,eastus,416,7600,Standard
Standard_M416s_8_v2,standardMSv2Family,eastus,416,7600,Standard
Standard_M416s_8_v3,standardMSHighMemoryv3Family,eastus,416,7600,Standard
Standard_M416s_9_v2,standardMSv2Family,eastus,416,8568,Standard
Standard_M416s_10_v2,standardMSv2Family,eastus,416,9496,Standard
Standard_M416-208ms_v2,standardMSv2Family,eastus,416,11400,Standard
Standard_M416ms_v2,standardMSv2Family,eastus,416,11400,Standard
Standard_M624ds_12_v3,standardMDSHighMemoryv3Family,eastus,624,11400,Standard
Standard_M624s_12_v3,standardMSHighMemoryv3Family,eastus,624,11400,Standard
Standard_M832ds_12_v3,standardMDSHighMemoryv3Family,eastus,832,11400,Standard
Standard_M832s_12_v3,standardMSHighMemoryv3Family,eastus,832,11400,Standard
Standard_M832ids_16_v3,standardMIDSHighMemoryv3Family,eastus,832,15200,Standard
Standard_M832is_16_v3,standardMISHighMemoryv3Family,eastus,832,15200,Standard
